Datum;Uhrzeit;Name;Kategorie;Kartenanzahl;Gefundene_Paare;Versuche;Dauer_Sekunden
02.10.2026;21:46:50;Adam;Menschen;8;4;7;37.5
02.10.2026;21:47:36;Adam;Sachen;8;4;6;40.1
02.10.2026;21:48:14;Adam;Tiere;8;4;5;32.2
02.10.2026;21:52:55;Adam;Food;6;3;4;30.5
02.10.2026;21:54:56;Adam;Food;6;3;4;31.8
02.10.2026;21:55:16;Adam;Menschen;6;3;4;13.4
02.10.2026;21:56:25;Adam;Sachen;6;3;6;43.5
02.10.2026;21:57:15;Adam;Sachen;12;6;11;40.9
02.10.2026;21:59:57;Adam;Tieren Namen;12;6;12;54.8
02.10.2026;22:31:38;Unbekannt;Food;6;3;6;139.1
02.10.2026;22:31:52;Unbekannt;Food;6;3;4;11.9
02.10.2026;22:32:45;Unbekannt;Tiere;6;3;4;11.2
02.10.2026;22:33:03;Unbekannt;Tiere;6;3;5;16.4
02.10.2026;23:03:49;Unbekannt;Food;6;3;6;28.5
02.10.2026;23:04:08;Unbekannt;Tiere;6;3;4;9.2
02.10.2026;23:13:01;Unbekannt;Menschen;6;3;6;14.6
